id,chart_template_id:id,code,name,user_type_id:id,reconcile
tw_1100-00-00,l10n_tw_chart_template,1100-00-00,現金及約當現金,account.data_account_type_liquidity,TRUE
tw_1101-01-00,l10n_tw_chart_template,1101-01-00,庫存現金,account.data_account_type_liquidity,TRUE
tw_1101-02-00,l10n_tw_chart_template,1101-02-00,零用金,account.data_account_type_liquidity,TRUE
tw_1102-03-00,l10n_tw_chart_template,1102-03-00,銀行存款-支票存款,account.data_account_type_liquidity,TRUE
tw_1101-02-01,l10n_tw_chart_template,1101-02-01,零用金∕週轉金(合併),account.data_account_type_liquidity,FALSE
tw_1102-01-00,l10n_tw_chart_template,1102-01-00,銀行存款-活期存款,account.data_account_type_liquidity,TRUE
tw_1102-00-00,l10n_tw_chart_template,1102-00-00,銀行存款(合併),account.data_account_type_liquidity,FALSE
tw_1102-04-00,l10n_tw_chart_template,1102-04-00,銀行存款-外匯存款,account.data_account_type_liquidity,TRUE
tw_1102-05-00,l10n_tw_chart_template,1102-05-00,銀行存款-備償專戶,account.data_account_type_liquidity,FALSE
tw_1103-00-00,l10n_tw_chart_template,1103-00-00,在途現金(合併),account.data_account_type_liquidity,FALSE
tw_1102-02-00,l10n_tw_chart_template,1102-02-00,銀行存款-定期存款,account.data_account_type_liquidity,FALSE
tw_1102-02-01,l10n_tw_chart_template,1102-02-01,定期存款,account.data_account_type_liquidity,FALSE
tw_1110-00-00,l10n_tw_chart_template,1110-00-00,分類為約當現金之銀行透支,account.data_account_type_liquidity,FALSE
tw_1110-01-00,l10n_tw_chart_template,1110-01-00,分類為約當現金之銀行透支,account.data_account_type_liquidity,FALSE
tw_1110-00-01,l10n_tw_chart_template,1110-00-01,透過損益按公允價值衡量之金融資產-流動,account.data_account_type_current_assets,FALSE
tw_1111-00-00,l10n_tw_chart_template,1111-00-00,原始認列時指定為透過損益按公允價值衡量之金融資產-流動,account.data_account_type_current_assets,FALSE
tw_1112-00-00,l10n_tw_chart_template,1112-00-00,原始認列時指定為透過損益按公允價值衡量之金融資產評價調整-流動,account.data_account_type_current_assets,FALSE
tw_1113-00-00,l10n_tw_chart_template,1113-00-00,強制按公允價值衡量之金融資產-流動,account.data_account_type_current_assets,FALSE
tw_1114-00-00,l10n_tw_chart_template,1114-00-00,強制按公允價值衡量之金融資產評價調整-流動,account.data_account_type_current_assets,FALSE
tw_1115-00-00,l10n_tw_chart_template,1115-00-00,持有供交易之金融資產-流動,account.data_account_type_current_assets,FALSE
tw_1116-00-00,l10n_tw_chart_template,1116-00-00,持有供交易之金融資產評價調整-流動,account.data_account_type_current_assets,FALSE
tw_1120-00-00,l10n_tw_chart_template,1120-00-00,透過其他綜合損益按公允價值衡量之金融資產-流動,account.data_account_type_current_assets,FALSE
tw_1121-00-00,l10n_tw_chart_template,1121-00-00,透過其他綜合損益按公允價值衡量之金融資產-流動,account.data_account_type_current_assets,FALSE
tw_1122-00-00,l10n_tw_chart_template,1122-00-00,透過其他綜合損益按公允價值衡量之金融資產評價調整-流動,account.data_account_type_current_assets,FALSE
tw_1125-00-00,l10n_tw_chart_template,1125-00-00,備供出售金融資產-流動,account.data_account_type_current_assets,FALSE
tw_1126-00-00,l10n_tw_chart_template,1126-00-00,備供出售金融資產(成本)-流動,account.data_account_type_current_assets,FALSE
tw_1127-00-00,l10n_tw_chart_template,1127-00-00,備供出售金融資產評價調整-流動,account.data_account_type_current_assets,FALSE
tw_1129-00-00,l10n_tw_chart_template,1129-00-00,累計減損-備供出售金融資產-流動,account.data_account_type_current_assets,FALSE
tw_1130-00-00,l10n_tw_chart_template,1130-00-00,持有至到期日金融資產-流動,account.data_account_type_current_assets,FALSE
tw_1131-00-00,l10n_tw_chart_template,1131-00-00,持有至到期日金融資產-流動,account.data_account_type_current_assets,FALSE
tw_1132-00-00,l10n_tw_chart_template,1132-00-00,累計減損-持有至到期日金融資產-流動,account.data_account_type_current_assets,FALSE
tw_1135-00-00,l10n_tw_chart_template,1135-00-00,避險之衍生金融資產-流動,account.data_account_type_current_assets,FALSE
tw_1140-00-00,l10n_tw_chart_template,1140-00-00,按攤銷後成本衡量之金融資產-流動,account.data_account_type_current_assets,FALSE
tw_1141-00-00,l10n_tw_chart_template,1141-00-00,按攤銷後成本衡量之金融資產-流動,account.data_account_type_current_assets,FALSE
tw_1142-00-00,l10n_tw_chart_template,1142-00-00,累計減損-按攤銷後成本衡量之金融資產-流動,account.data_account_type_current_assets,FALSE
tw_1144-00-00,l10n_tw_chart_template,1144-00-00,以成本衡量之金融資產-流動,account.data_account_type_current_assets,FALSE
tw_1145-00-00,l10n_tw_chart_template,1145-00-00,以成本衡量之金融資產-流動,account.data_account_type_current_assets,FALSE
tw_1146-00-00,l10n_tw_chart_template,1146-00-00,累計減損-以成本衡量之金融資產-流動,account.data_account_type_current_assets,FALSE
tw_1147-00-00,l10n_tw_chart_template,1147-00-00,無活絡市場之債券投資-流動,account.data_account_type_current_assets,FALSE
tw_1148-00-00,l10n_tw_chart_template,1148-00-00,無活絡市場之債券投資-流動,account.data_account_type_current_assets,FALSE
tw_1149-00-00,l10n_tw_chart_template,1149-00-00,累計減損-無活絡市場之債券投資-流動,account.data_account_type_current_assets,FALSE
tw_1150-00-00,l10n_tw_chart_template,1150-00-00,應收票據淨額,account.data_account_type_current_assets,FALSE
tw_1151-00-00,l10n_tw_chart_template,1151-00-00,應收票據,account.data_account_type_receivable,TRUE
tw_1152-00-00,l10n_tw_chart_template,1152-00-00,其他應收票據,account.data_account_type_receivable,TRUE
tw_1153-00-00,l10n_tw_chart_template,1153-00-00,應收票據貼現,account.data_account_type_receivable,TRUE
tw_1159-00-00,l10n_tw_chart_template,1159-00-00,備抵呆帳-應收票據,account.data_account_type_current_assets,FALSE
tw_1160-00-00,l10n_tw_chart_template,1160-00-00,應收票據-關係人淨額,account.data_account_type_current_assets,FALSE
tw_1161-00-00,l10n_tw_chart_template,1161-00-00,應收票據-關係人,account.data_account_type_current_assets,FALSE
tw_1162-00-00,l10n_tw_chart_template,1162-00-00,其他應收票據-關係人,account.data_account_type_current_assets,FALSE
tw_1163-00-00,l10n_tw_chart_template,1163-00-00,應收票據貼現-關係人,account.data_account_type_current_assets,FALSE
tw_1169-00-00,l10n_tw_chart_template,1169-00-00,備抵呆帳-應收票據-關係人,account.data_account_type_current_assets,FALSE
tw_1170-00-00,l10n_tw_chart_template,1170-00-00,應收帳款淨額,account.data_account_type_current_assets,FALSE
tw_1172-00-00,l10n_tw_chart_template,1172-00-00,應收帳款,account.data_account_type_receivable,TRUE
tw_1173-00-00,l10n_tw_chart_template,1173-00-00,應收分期帳款,account.data_account_type_receivable,TRUE
tw_1174-00-00,l10n_tw_chart_template,1174-00-00,未實現利息收入-應收分期帳款,account.data_account_type_receivable,TRUE
tw_1175-00-00,l10n_tw_chart_template,1175-00-00,應收租賃款,account.data_account_type_receivable,TRUE
tw_1176-00-00,l10n_tw_chart_template,1176-00-00,融資租賃之未賺得融資收益,account.data_account_type_current_assets,FALSE
tw_1177-00-00,l10n_tw_chart_template,1177-00-00,備抵銷售退回及折讓,account.data_account_type_current_assets,FALSE
tw_1179-00-00,l10n_tw_chart_template,1179-00-00,備抵呆帳-應收帳款,account.data_account_type_current_assets,FALSE
tw_1180-00-00,l10n_tw_chart_template,1180-00-00,應收帳款-關係人淨額,account.data_account_type_current_assets,FALSE
tw_1181-00-00,l10n_tw_chart_template,1181-00-00,應收帳款-關係人,account.data_account_type_current_assets,FALSE
tw_1182-00-00,l10n_tw_chart_template,1182-00-00,應收分期帳款-關係人,account.data_account_type_current_assets,FALSE
tw_1183-00-00,l10n_tw_chart_template,1183-00-00,未實現利息收入-應收關係人分期帳款,account.data_account_type_current_assets,FALSE
tw_1184-00-00,l10n_tw_chart_template,1184-00-00,應收租賃款-關係人,account.data_account_type_current_assets,FALSE
tw_1185-00-00,l10n_tw_chart_template,1185-00-00,融資租賃之未賺得融資收益-關係人,account.data_account_type_current_assets,FALSE
tw_1189-00-00,l10n_tw_chart_template,1189-00-00,備抵呆帳-應收關係人帳款,account.data_account_type_current_assets,FALSE
tw_1200-00-00,l10n_tw_chart_template,1200-00-00,其他應收款,account.data_account_type_receivable,TRUE
tw_1201-00-00,l10n_tw_chart_template,1201-00-00,應收退稅款,account.data_account_type_receivable,TRUE
tw_1204-00-00,l10n_tw_chart_template,1204-00-00,應收歸墊款,account.data_account_type_receivable,TRUE
tw_1205-00-00,l10n_tw_chart_template,1205-00-00,應收收益,account.data_account_type_current_assets,FALSE
tw_1206-00-00,l10n_tw_chart_template,1206-00-00,其他應收帳款-其他,account.data_account_type_current_assets,FALSE
tw_1209-00-00,l10n_tw_chart_template,1209-00-00,備抵呆帳-其他應收款項,account.data_account_type_current_assets,FALSE
tw_1210-00-00,l10n_tw_chart_template,1210-00-00,其他應收帳款-關係人,account.data_account_type_current_assets,FALSE
tw_1211-00-00,l10n_tw_chart_template,1211-00-00,應收收益-關係人,account.data_account_type_current_assets,FALSE
tw_1212-00-00,l10n_tw_chart_template,1212-00-00,其他應收帳款-關係人-其他,account.data_account_type_current_assets,FALSE
tw_1219-00-00,l10n_tw_chart_template,1219-00-00,備抵呆帳-其他應收關係人款項,account.data_account_type_current_assets,FALSE
tw_1220-00-00,l10n_tw_chart_template,1220-00-00,當期所得稅資產,account.data_account_type_current_assets,FALSE
tw_1221-00-00,l10n_tw_chart_template,1221-00-00,應收所得稅退稅款,account.data_account_type_current_assets,FALSE
tw_1222-00-00,l10n_tw_chart_template,1222-00-00,預付所得稅,account.data_account_type_current_assets,TRUE
tw_1300-00-00,l10n_tw_chart_template,1300-00-00,存貨-買賣業,account.data_account_type_current_assets,TRUE
tw_1301-00-00,l10n_tw_chart_template,1301-00-00,商品存貨,account.data_account_type_current_assets,TRUE
tw_1302-00-00,l10n_tw_chart_template,1302-00-00,寄銷品,account.data_account_type_current_assets,TRUE
tw_1308-00-00,l10n_tw_chart_template,1308-00-00,在途商品,account.data_account_type_current_assets,TRUE
tw_1309-00-00,l10n_tw_chart_template,1309-00-00,備抵存貨跌價-買賣,account.data_account_type_current_assets,TRUE
tw_1310-00-00,l10n_tw_chart_template,1310-00-00,存貨-製造業,account.data_account_type_current_assets,TRUE
tw_1311-00-00,l10n_tw_chart_template,1311-00-00,製成品,account.data_account_type_current_assets,TRUE
tw_1312-00-00,l10n_tw_chart_template,1312-00-00,副產品,account.data_account_type_current_assets,TRUE
tw_1313-00-00,l10n_tw_chart_template,1313-00-00,半成品,account.data_account_type_current_assets,TRUE
tw_1314-00-00,l10n_tw_chart_template,1314-00-00,在製品,account.data_account_type_current_assets,TRUE
tw_1315-00-00,l10n_tw_chart_template,1315-00-00,原料,account.data_account_type_current_assets,TRUE
tw_1316-00-00,l10n_tw_chart_template,1316-00-00,物料,account.data_account_type_current_assets,TRUE
tw_1318-00-00,l10n_tw_chart_template,1318-00-00,在途原物料,account.data_account_type_current_assets,TRUE
tw_1319-00-00,l10n_tw_chart_template,1319-00-00,備抵存貨跌價-製造,account.data_account_type_current_assets,TRUE
tw_1410-00-00,l10n_tw_chart_template,1410-00-00,預付款項,account.data_account_type_prepayments,TRUE
tw_1411-00-00,l10n_tw_chart_template,1411-00-00,預付薪資,account.data_account_type_prepayments,TRUE
tw_1412-00-00,l10n_tw_chart_template,1412-00-00,預付租金,account.data_account_type_prepayments,TRUE
tw_1414-00-00,l10n_tw_chart_template,1414-00-00,預付保險費,account.data_account_type_prepayments,TRUE
tw_1415-00-00,l10n_tw_chart_template,1415-00-00,用品盤存,account.data_account_type_current_assets,TRUE
tw_1416-00-00,l10n_tw_chart_template,1416-00-00,預付退休金-流動,account.data_account_type_current_assets,TRUE
tw_1419-00-00,l10n_tw_chart_template,1419-00-00,其它預付費用,account.data_account_type_prepayments,TRUE
tw_1419-01-00,l10n_tw_chart_template,1419-01-00,其他預付費用,account.data_account_type_prepayments,TRUE
tw_1421-00-00,l10n_tw_chart_template,1421-00-00,預付貨款,account.data_account_type_prepayments,TRUE
tw_1422-00-00,l10n_tw_chart_template,1422-00-00,預付投資款,account.data_account_type_prepayments,TRUE
tw_1423-00-00,l10n_tw_chart_template,1423-00-00,進項稅額,account.data_account_type_current_liabilities,FALSE
tw_1424-00-00,l10n_tw_chart_template,1424-00-00,留抵稅額,account.data_account_type_current_liabilities,FALSE
tw_1429-00-00,l10n_tw_chart_template,1429-00-00,其他預付款,account.data_account_type_prepayments,FALSE
tw_1450-00-00,l10n_tw_chart_template,1450-00-00,待分配予業主之非流動資產(或處分群組)淨額,account.data_account_type_non_current_assets,FALSE
tw_1451-00-00,l10n_tw_chart_template,1451-00-00,待分配予業主之非流動資產(或處分群組),account.data_account_type_non_current_assets,FALSE
tw_1452-00-00,l10n_tw_chart_template,1452-00-00,累計減損-待分配予業主之非流動資產(或處分群組),account.data_account_type_non_current_assets,FALSE
tw_1460-00-00,l10n_tw_chart_template,1460-00-00,待出售非流動資產(淨額),account.data_account_type_non_current_assets,FALSE
tw_1461-00-00,l10n_tw_chart_template,1461-00-00,待出售之非流動資產,account.data_account_type_non_current_assets,FALSE
tw_1462-00-00,l10n_tw_chart_template,1462-00-00,累計減損-待出售非流動資產,account.data_account_type_non_current_assets,FALSE
tw_1470-00-00,l10n_tw_chart_template,1470-00-00,其他流動資產,account.data_account_type_non_current_assets,FALSE
tw_1471-00-00,l10n_tw_chart_template,1471-00-00,暫付款,account.data_account_type_current_assets,FALSE
tw_1472-00-00,l10n_tw_chart_template,1472-00-00,代付款,account.data_account_type_current_assets,FALSE
tw_1472-01-00,l10n_tw_chart_template,1472-01-00,代付款-關係人,account.data_account_type_current_assets,FALSE
tw_1473-00-00,l10n_tw_chart_template,1473-00-00,員工借支,account.data_account_type_current_assets,FALSE
tw_1474-00-00,l10n_tw_chart_template,1474-00-00,遞延兌換損失,account.data_account_type_current_assets,FALSE
tw_1476-00-00,l10n_tw_chart_template,1476-00-00,其他金融資產-流動,account.data_account_type_current_assets,FALSE
tw_1477-00-00,l10n_tw_chart_template,1477-00-00,受限制資產,account.data_account_type_current_assets,FALSE
tw_1479-00-00,l10n_tw_chart_template,1479-00-00,其他流動資產-其他,account.data_account_type_current_assets,FALSE
tw_1510-00-00,l10n_tw_chart_template,1510-00-00,透過損益按公允價值衡量之金融資產-非流動,account.data_account_type_non_current_assets,FALSE
tw_1511-00-00,l10n_tw_chart_template,1511-00-00,原始認列時指定為透過損益按公允價值衡量之金融資產-非流動,account.data_account_type_non_current_assets,FALSE
tw_1512-00-00,l10n_tw_chart_template,1512-00-00,原始認列時指定為透過損益按公允價值衡量之金融資產評價調整-非流動,account.data_account_type_non_current_assets,FALSE
tw_1513-00-00,l10n_tw_chart_template,1513-00-00,強制按公允價值衡量之金融資產-非流動,account.data_account_type_non_current_assets,FALSE
tw_1514-00-00,l10n_tw_chart_template,1514-00-00,強制按公允價值衡量之金融資產評價調整-非流動,account.data_account_type_non_current_assets,FALSE
tw_1515-00-00,l10n_tw_chart_template,1515-00-00,持有供交易之金融資產-非流動,account.data_account_type_non_current_assets,FALSE
tw_1516-00-00,l10n_tw_chart_template,1516-00-00,持有供交易之金融資產評價調整-非流動,account.data_account_type_non_current_assets,FALSE
tw_1520-00-00,l10n_tw_chart_template,1520-00-00,透過其他綜合損益按公允價值衡量之金融資產-非流動,account.data_account_type_non_current_assets,FALSE
tw_1521-00-00,l10n_tw_chart_template,1521-00-00,透過其他綜合損益按公允價值衡量之金融資產-非流動,account.data_account_type_non_current_assets,FALSE
tw_1522-00-00,l10n_tw_chart_template,1522-00-00,透過其他綜合損益按公允價值衡量之金融資產評價調整-非流動,account.data_account_type_non_current_assets,FALSE
tw_1523-00-00,l10n_tw_chart_template,1523-00-00,備供出售金融資產-非流動,account.data_account_type_non_current_assets,FALSE
tw_1524-00-00,l10n_tw_chart_template,1524-00-00,備供出售金融資產-非流動,account.data_account_type_non_current_assets,FALSE
tw_1525-00-00,l10n_tw_chart_template,1525-00-00,備供出售金融資產評價調整-非流動,account.data_account_type_non_current_assets,FALSE
tw_1526-00-00,l10n_tw_chart_template,1526-00-00,累計減損-備供出售金融資產-非流動,account.data_account_type_non_current_assets,FALSE
tw_1527-00-00,l10n_tw_chart_template,1527-00-00,持有至到期日金融資產-非流動,account.data_account_type_non_current_assets,FALSE
tw_1528-00-00,l10n_tw_chart_template,1528-00-00,持有至到期日金融資產-非流動,account.data_account_type_non_current_assets,FALSE
tw_1529-00-00,l10n_tw_chart_template,1529-00-00,累計減損-持有至到期日金融資產-非流動,account.data_account_type_non_current_assets,FALSE
tw_1530-00-00,l10n_tw_chart_template,1530-00-00,避險之衍生金融資產-非流動,account.data_account_type_non_current_assets,FALSE
tw_1540-00-00,l10n_tw_chart_template,1540-00-00,按攤銷後成本衡量之金融資產-非流動,account.data_account_type_non_current_assets,FALSE
tw_1541-00-00,l10n_tw_chart_template,1541-00-00,按攤銷後成本衡量之金融資產-非流動,account.data_account_type_non_current_assets,FALSE
tw_1542-00-00,l10n_tw_chart_template,1542-00-00,累計減損-按攤銷後成本衡量之金融資產-非流動,account.data_account_type_non_current_assets,FALSE
tw_1543-00-00,l10n_tw_chart_template,1543-00-00,以成本衡量之金融資產-非流動,account.data_account_type_non_current_assets,FALSE
tw_1544-00-00,l10n_tw_chart_template,1544-00-00,以成本衡量之金融資產-非流動,account.data_account_type_non_current_assets,FALSE
tw_1545-00-00,l10n_tw_chart_template,1545-00-00,累計減損-以成本衡量之金融資產-非流動,account.data_account_type_non_current_assets,FALSE
tw_1546-00-00,l10n_tw_chart_template,1546-00-00,無活絡市場之債券投資-非流動,account.data_account_type_non_current_assets,FALSE
tw_1547-00-00,l10n_tw_chart_template,1547-00-00,無活絡市場之債券投資-非流動,account.data_account_type_non_current_assets,FALSE
tw_1548-00-00,l10n_tw_chart_template,1548-00-00,累計減損-無活絡市場之債券投資-非流動,account.data_account_type_non_current_assets,FALSE
tw_1550-00-00,l10n_tw_chart_template,1550-00-00,採用權益法之投資,account.data_account_type_non_current_assets,FALSE
tw_1551-00-00,l10n_tw_chart_template,1551-00-00,採用權益法之投資,account.data_account_type_non_current_assets,FALSE
tw_1553-00-00,l10n_tw_chart_template,1553-00-00,累計減損－採用權益法之投資,account.data_account_type_non_current_assets,FALSE
tw_1600-00-00,l10n_tw_chart_template,1600-00-00,不動產、廠房及設備,account.data_account_type_non_current_assets,FALSE
tw_1601-00-00,l10n_tw_chart_template,1601-00-00,土地淨額,account.data_account_type_non_current_assets,FALSE
tw_1602-00-00,l10n_tw_chart_template,1602-00-00,土地成本,account.data_account_type_non_current_assets,FALSE
tw_1603-00-00,l10n_tw_chart_template,1603-00-00,土地-重估增(減)值,account.data_account_type_non_current_assets,FALSE
tw_1604-00-00,l10n_tw_chart_template,1604-00-00,累計減損-土地,account.data_account_type_non_current_assets,FALSE
tw_1605-00-00,l10n_tw_chart_template,1605-00-00,土地改良物淨額,account.data_account_type_non_current_assets,FALSE
tw_1606-00-00,l10n_tw_chart_template,1606-00-00,土地改良物成本,account.data_account_type_non_current_assets,FALSE
tw_1607-00-00,l10n_tw_chart_template,1607-00-00,土地改良物-重估增(減)值,account.data_account_type_non_current_assets,FALSE
tw_1608-00-00,l10n_tw_chart_template,1608-00-00,累計折舊-土地改良物,account.data_account_type_non_current_assets,FALSE
tw_1609-00-00,l10n_tw_chart_template,1609-00-00,累計減損-土地改良物,account.data_account_type_non_current_assets,FALSE
tw_1610-00-00,l10n_tw_chart_template,1610-00-00,房屋及建築淨額,account.data_account_type_non_current_assets,FALSE
tw_1611-00-00,l10n_tw_chart_template,1611-00-00,房屋及建築成本,account.data_account_type_non_current_assets,FALSE
tw_1612-00-00,l10n_tw_chart_template,1612-00-00,房屋及建築-重估增(減)值,account.data_account_type_non_current_assets,FALSE
tw_1613-00-00,l10n_tw_chart_template,1613-00-00,累計折舊-房屋及建築,account.data_account_type_non_current_assets,FALSE
tw_1614-00-00,l10n_tw_chart_template,1614-00-00,累計減損-房屋建築,account.data_account_type_non_current_assets,FALSE
tw_1615-00-00,l10n_tw_chart_template,1615-00-00,機器設備淨額,account.data_account_type_non_current_assets,FALSE
tw_1616-00-00,l10n_tw_chart_template,1616-00-00,機器設備成本,account.data_account_type_non_current_assets,FALSE
tw_1617-00-00,l10n_tw_chart_template,1617-00-00,機器設備-重估增(減)值,account.data_account_type_non_current_assets,FALSE
tw_1618-00-00,l10n_tw_chart_template,1618-00-00,累計折舊-機器設備,account.data_account_type_non_current_assets,FALSE
tw_1619-00-00,l10n_tw_chart_template,1619-00-00,累計減損-機器設備,account.data_account_type_non_current_assets,FALSE
tw_1670-00-00,l10n_tw_chart_template,1670-00-00,運輸設備淨額,account.data_account_type_non_current_assets,FALSE
tw_1671-00-00,l10n_tw_chart_template,1671-00-00,運輸設備成本,account.data_account_type_non_current_assets,FALSE
tw_1672-00-00,l10n_tw_chart_template,1672-00-00,運輸設備-重估增(減)值,account.data_account_type_non_current_assets,FALSE
tw_1673-00-00,l10n_tw_chart_template,1673-00-00,累計折舊-運輸設備,account.data_account_type_non_current_assets,FALSE
tw_1674-00-00,l10n_tw_chart_template,1674-00-00,累計減損-運輸設備,account.data_account_type_non_current_assets,FALSE
tw_1690-00-00,l10n_tw_chart_template,1690-00-00,辦公設備淨額,account.data_account_type_non_current_assets,FALSE
tw_1691-00-00,l10n_tw_chart_template,1691-00-00,辦公設備成本,account.data_account_type_non_current_assets,FALSE
tw_1692-00-00,l10n_tw_chart_template,1692-00-00,辦公設備-重估增(減)值,account.data_account_type_non_current_assets,FALSE
tw_1693-00-00,l10n_tw_chart_template,1693-00-00,累計折舊-辦公設備,account.data_account_type_non_current_assets,FALSE
tw_1694-00-00,l10n_tw_chart_template,1694-00-00,累計減損-辦公設備,account.data_account_type_non_current_assets,FALSE
tw_1735-00-00,l10n_tw_chart_template,1735-00-00,其他設備淨額,account.data_account_type_non_current_assets,FALSE
tw_1736-00-00,l10n_tw_chart_template,1736-00-00,其他設備成本,account.data_account_type_non_current_assets,FALSE
tw_1737-00-00,l10n_tw_chart_template,1737-00-00,其他設備-重估增(減)值,account.data_account_type_non_current_assets,FALSE
tw_1738-00-00,l10n_tw_chart_template,1738-00-00,累計折舊-其他設備,account.data_account_type_non_current_assets,FALSE
tw_1739-00-00,l10n_tw_chart_template,1739-00-00,累計減損-其他設備,account.data_account_type_non_current_assets,FALSE
tw_1740-00-00,l10n_tw_chart_template,1740-00-00,未完工程及待驗設備,account.data_account_type_non_current_assets,FALSE
tw_1741-00-00,l10n_tw_chart_template,1741-00-00,未完工程及待驗設備,account.data_account_type_non_current_assets,FALSE
tw_1801-00-00,l10n_tw_chart_template,1801-00-00,電腦軟體淨額,account.data_account_type_non_current_assets,FALSE
tw_1802-00-00,l10n_tw_chart_template,1802-00-00,電腦軟體,account.data_account_type_non_current_assets,FALSE
tw_1803-00-00,l10n_tw_chart_template,1803-00-00,電腦軟體成本重估增(減)值,account.data_account_type_non_current_assets,FALSE
tw_1804-00-00,l10n_tw_chart_template,1804-00-00,累計減損－電腦軟體成本,account.data_account_type_non_current_assets,FALSE
tw_1805-00-00,l10n_tw_chart_template,1805-00-00,商 譽,account.data_account_type_non_current_assets,FALSE
tw_1821-00-00,l10n_tw_chart_template,1821-00-00,其他無形資產,account.data_account_type_non_current_assets,FALSE
tw_1822-00-00,l10n_tw_chart_template,1822-00-00,其他無形資產,account.data_account_type_non_current_assets,FALSE
tw_1823-00-00,l10n_tw_chart_template,1823-00-00,其他無形資產重估增(減)值,account.data_account_type_non_current_assets,FALSE
tw_1824-00-00,l10n_tw_chart_template,1824-00-00,累計減損－其他無形資產,account.data_account_type_non_current_assets,FALSE
tw_1840-00-00,l10n_tw_chart_template,1840-00-00,遞延所得稅資產,account.data_account_type_non_current_assets,FALSE
tw_1900-00-00,l10n_tw_chart_template,1900-00-00,其他非流動資產,account.data_account_type_non_current_assets,FALSE
tw_1915-00-00,l10n_tw_chart_template,1915-00-00,預付設備款,account.data_account_type_non_current_assets,FALSE
tw_1915-01-00,l10n_tw_chart_template,1915-01-00,預付設備款,account.data_account_type_non_current_assets,FALSE
tw_1920-00-00,l10n_tw_chart_template,1920-00-00,存出保證金,account.data_account_type_non_current_assets,FALSE
tw_1920-01-00,l10n_tw_chart_template,1920-01-00,存出保證金,account.data_account_type_non_current_assets,FALSE
tw_1925-00-00,l10n_tw_chart_template,1925-00-00,遞延費用,account.data_account_type_non_current_assets,FALSE
tw_1925-01-00,l10n_tw_chart_template,1925-01-00,遞延費用,account.data_account_type_non_current_assets,FALSE
tw_1926-00-00,l10n_tw_chart_template,1926-00-00,合約取得成本,account.data_account_type_non_current_assets,FALSE
tw_1927-00-00,l10n_tw_chart_template,1927-00-00,其他遞延費用,account.data_account_type_non_current_assets,FALSE
tw_1930-00-00,l10n_tw_chart_template,1930-00-00,長期應收票據及款項,account.data_account_type_non_current_assets,FALSE
tw_1931-00-00,l10n_tw_chart_template,1931-00-00,長期應收票據,account.data_account_type_non_current_assets,FALSE
tw_1932-00-00,l10n_tw_chart_template,1932-00-00,長期應收款,account.data_account_type_non_current_assets,FALSE
tw_1937-00-00,l10n_tw_chart_template,1937-00-00,催收款項,account.data_account_type_non_current_assets,FALSE
tw_1939-00-00,l10n_tw_chart_template,1939-00-00,備抵呆帳-長期應收款項,account.data_account_type_non_current_assets,FALSE
tw_1940-00-00,l10n_tw_chart_template,1940-00-00,長期應收票據及款項-關係人,account.data_account_type_non_current_assets,FALSE
tw_1941-00-00,l10n_tw_chart_template,1941-00-00,長期應收票據-關係人,account.data_account_type_non_current_assets,FALSE
tw_1975-00-00,l10n_tw_chart_template,1975-00-00,預付退休金-非流動,account.data_account_type_non_current_assets,FALSE
tw_1980-00-00,l10n_tw_chart_template,1980-00-00,其它金融資產-非流動,account.data_account_type_non_current_assets,FALSE
tw_1981-00-00,l10n_tw_chart_template,1981-00-00,人壽保險現金解約價值,account.data_account_type_non_current_assets,FALSE
tw_1990-00-00,l10n_tw_chart_template,1990-00-00,其他非流動資產-其他,account.data_account_type_non_current_assets,FALSE
tw_1991-00-00,l10n_tw_chart_template,1991-00-00,遞延借項-聯屬公司間損失,account.data_account_type_non_current_assets,FALSE
tw_1995-00-00,l10n_tw_chart_template,1995-00-00,其他非流動資產-其他,account.data_account_type_non_current_assets,FALSE
tw_1996-00-00,l10n_tw_chart_template,1996-00-00,內部往來,account.data_account_type_current_liabilities,FALSE
tw_2100-00-00,l10n_tw_chart_template,2100-00-00,短期借款,account.data_account_type_current_liabilities,FALSE
tw_2101-00-00,l10n_tw_chart_template,2101-00-00,銀行透支,account.data_account_type_current_liabilities,FALSE
tw_2102-00-00,l10n_tw_chart_template,2102-00-00,銀行借款,account.data_account_type_current_liabilities,FALSE
tw_2108-00-00,l10n_tw_chart_template,2108-00-00,其他短期借款,account.data_account_type_current_liabilities,FALSE
tw_2110-00-00,l10n_tw_chart_template,2110-00-00,應付短期票券,account.data_account_type_current_liabilities,FALSE
tw_2111-00-00,l10n_tw_chart_template,2111-00-00,應付短期票券,account.data_account_type_current_liabilities,FALSE
tw_2119-00-00,l10n_tw_chart_template,2119-00-00,應付短期票券折價,account.data_account_type_current_liabilities,FALSE
tw_2120-00-00,l10n_tw_chart_template,2120-00-00,透過損益按公允價值衡量之金融負債-流動,account.data_account_type_current_liabilities,FALSE
tw_2121-00-00,l10n_tw_chart_template,2121-00-00,持有供交易金融負債-流動,account.data_account_type_current_liabilities,FALSE
tw_2122-00-00,l10n_tw_chart_template,2122-00-00,持有供交易金融負債評價調整-流動,account.data_account_type_current_liabilities,FALSE
tw_2123-00-00,l10n_tw_chart_template,2123-00-00,原始認列時指定為透過損益按公允價值衡量之金融負債-流動,account.data_account_type_current_liabilities,FALSE
tw_2124-00-00,l10n_tw_chart_template,2124-00-00,原始認列時指定為透過損益按公允價值衡量之金融負債評價調整-流動,account.data_account_type_current_liabilities,FALSE
tw_2125-00-00,l10n_tw_chart_template,2125-00-00,避險之衍生金融負債-流動,account.data_account_type_current_liabilities,FALSE
tw_2130-00-00,l10n_tw_chart_template,2130-00-00,按攤銷後成本衡量之金融負債-流動,account.data_account_type_current_liabilities,FALSE
tw_2145-00-00,l10n_tw_chart_template,2145-00-00,以成本衡量之金融負債-流動,account.data_account_type_current_liabilities,FALSE
tw_2150-00-00,l10n_tw_chart_template,2150-00-00,應付票據,account.data_account_type_current_liabilities,TRUE
tw_2151-00-00,l10n_tw_chart_template,2151-00-00,應付票據,account.data_account_type_current_liabilities,TRUE
tw_2152-00-00,l10n_tw_chart_template,2152-00-00,其他應付票據,account.data_account_type_current_liabilities,FALSE
tw_2160-00-00,l10n_tw_chart_template,2160-00-00,應付票據-關係人,account.data_account_type_current_liabilities,FALSE
tw_2161-00-00,l10n_tw_chart_template,2161-00-00,應付票據-關係人,account.data_account_type_current_liabilities,FALSE
tw_2162-00-00,l10n_tw_chart_template,2162-00-00,其他應付票據-關係人,account.data_account_type_current_liabilities,FALSE
tw_2170-00-00,l10n_tw_chart_template,2170-00-00,應付帳款,account.data_account_type_current_liabilities,TRUE
tw_2171-00-00,l10n_tw_chart_template,2171-00-00,應付帳款,account.data_account_type_current_liabilities,TRUE
tw_2172-00-00,l10n_tw_chart_template,2172-00-00,暫估應付帳款,account.data_account_type_current_liabilities,FALSE
tw_2180-00-00,l10n_tw_chart_template,2180-00-00,應付帳款-關係人,account.data_account_type_current_liabilities,FALSE
tw_2181-00-00,l10n_tw_chart_template,2181-00-00,應付帳款-關係人,account.data_account_type_current_liabilities,FALSE
tw_2182-00-00,l10n_tw_chart_template,2182-00-00,暫估應付帳款-關係人,account.data_account_type_current_liabilities,FALSE
tw_2200-00-00,l10n_tw_chart_template,2200-00-00,其他應付款,account.data_account_type_current_liabilities,FALSE
tw_2201-00-00,l10n_tw_chart_template,2201-00-00,應付薪資,account.data_account_type_current_liabilities,FALSE
tw_2202-00-00,l10n_tw_chart_template,2202-00-00,應付租金,account.data_account_type_current_liabilities,FALSE
tw_2203-00-00,l10n_tw_chart_template,2203-00-00,應付利息,account.data_account_type_current_liabilities,FALSE
tw_2204-00-00,l10n_tw_chart_template,2204-00-00,暫估應付費用,account.data_account_type_current_liabilities,FALSE
tw_2205-00-00,l10n_tw_chart_template,2205-00-00,應付退休金費用,account.data_account_type_current_liabilities,FALSE
tw_2206-00-00,l10n_tw_chart_template,2206-00-00,應付員工紅利,account.data_account_type_current_liabilities,FALSE
tw_2207-00-00,l10n_tw_chart_template,2207-00-00,應付董監事酬勞,account.data_account_type_current_liabilities,FALSE
tw_2209-00-00,l10n_tw_chart_template,2209-00-00,其他應付費用,account.data_account_type_current_liabilities,FALSE
tw_2212-00-00,l10n_tw_chart_template,2212-00-00,應付土地房屋款,account.data_account_type_current_liabilities,FALSE
tw_2213-00-00,l10n_tw_chart_template,2213-00-00,應付設備款,account.data_account_type_current_liabilities,FALSE
tw_2214-00-00,l10n_tw_chart_template,2214-00-00,銷項稅額,account.data_account_type_current_liabilities,FALSE
tw_2215-00-00,l10n_tw_chart_template,2215-00-00,應付營業稅,account.data_account_type_current_liabilities,FALSE
tw_2216-00-00,l10n_tw_chart_template,2216-00-00,應付股利,account.data_account_type_current_liabilities,FALSE
tw_2219-00-00,l10n_tw_chart_template,2219-00-00,其他應付款-其他,account.data_account_type_current_liabilities,FALSE
tw_2220-00-00,l10n_tw_chart_template,2220-00-00,其他應付款項-關係人,account.data_account_type_current_liabilities,FALSE
tw_2220-01-00,l10n_tw_chart_template,2220-01-00,其他應付款項-關係人,account.data_account_type_current_liabilities,FALSE
tw_2230-00-00,l10n_tw_chart_template,2230-00-00,當期所得稅負債,account.data_account_type_current_liabilities,FALSE
tw_2299-00-00,l10n_tw_chart_template,2299-00-00,代收款-關係人,account.data_account_type_current_liabilities,FALSE
tw_2299-01-00,l10n_tw_chart_template,2299-01-00,代收款-關係人,account.data_account_type_current_liabilities,FALSE
tw_2300-00-00,l10n_tw_chart_template,2300-00-00,其他流動負債,account.data_account_type_current_liabilities,FALSE
tw_2305-00-00,l10n_tw_chart_template,2305-00-00,其他金融負債-流動,account.data_account_type_current_liabilities,FALSE
tw_2310-00-00,l10n_tw_chart_template,2310-00-00,預收款項,account.data_account_type_current_liabilities,FALSE
tw_2311-00-00,l10n_tw_chart_template,2311-00-00,預收貨款,account.data_account_type_current_liabilities,FALSE
tw_2312-00-00,l10n_tw_chart_template,2312-00-00,貨到未付款,account.data_account_type_current_liabilities,FALSE
tw_2313-00-00,l10n_tw_chart_template,2313-00-00,預收收入∕遞延收入,account.data_account_type_current_liabilities,FALSE
tw_2314-00-00,l10n_tw_chart_template,2314-00-00,預收股本,account.data_account_type_current_liabilities,FALSE
tw_2315-00-00,l10n_tw_chart_template,2315-00-00,其他預收款,account.data_account_type_current_liabilities,FALSE
tw_2320-00-00,l10n_tw_chart_template,2320-00-00,一年或一營業週期內到期長期負債,account.data_account_type_current_liabilities,FALSE
tw_2322-00-00,l10n_tw_chart_template,2322-00-00,一年或一營業週期內到期長期借款,account.data_account_type_current_liabilities,FALSE
tw_2330-00-00,l10n_tw_chart_template,2330-00-00,暫收款,account.data_account_type_current_liabilities,FALSE
tw_2335-00-00,l10n_tw_chart_template,2335-00-00,代收款,account.data_account_type_current_liabilities,FALSE
tw_2335-01-00,l10n_tw_chart_template,2335-01-00,代收款-所得稅,account.data_account_type_current_liabilities,FALSE
tw_2335-02-00,l10n_tw_chart_template,2335-02-00,代收款-勞保費,account.data_account_type_current_liabilities,FALSE
tw_2335-03-00,l10n_tw_chart_template,2335-03-00,代收款-健保費,account.data_account_type_current_liabilities,FALSE
tw_2335-04-00,l10n_tw_chart_template,2335-04-00,代收款-退休金自提,account.data_account_type_current_liabilities,FALSE
tw_2335-09-00,l10n_tw_chart_template,2335-09-00,代收款-其它,account.data_account_type_current_liabilities,FALSE
tw_2340-00-00,l10n_tw_chart_template,2340-00-00,遞延兌換利益,account.data_account_type_current_liabilities,FALSE
tw_2355-00-00,l10n_tw_chart_template,2355-00-00,應付租賃款-流動,account.data_account_type_current_liabilities,FALSE
tw_2399-00-00,l10n_tw_chart_template,2399-00-00,其他流動負債-其他,account.data_account_type_current_liabilities,FALSE
tw_2500-00-00,l10n_tw_chart_template,2500-00-00,透過損益按公允價值衡量之金融負債-非流動,account.data_account_type_non_current_liabilities,FALSE
tw_2501-00-00,l10n_tw_chart_template,2501-00-00,持有供交易金融負債-非流動,account.data_account_type_non_current_liabilities,FALSE
tw_2502-00-00,l10n_tw_chart_template,2502-00-00,持有供交易金融負債評價調整-非流動,account.data_account_type_non_current_liabilities,FALSE
tw_2503-00-00,l10n_tw_chart_template,2503-00-00,原始認列時指定為透過損益按公允價值衡量之金融負債-非流動,account.data_account_type_non_current_liabilities,FALSE
tw_2504-00-00,l10n_tw_chart_template,2504-00-00,原始認列時指定為透過損益按公允價值衡量之金融負債評價調整-非流動,account.data_account_type_non_current_liabilities,TRUE
tw_2510-00-00,l10n_tw_chart_template,2510-00-00,避險之衍生金融負債-非流動,account.data_account_type_non_current_liabilities,TRUE
tw_2520-00-00,l10n_tw_chart_template,2520-00-00,按攤銷後成本衡量之金融負債-非流動,account.data_account_type_non_current_liabilities,FALSE
tw_2525-00-00,l10n_tw_chart_template,2525-00-00,以成本衡量之金融負債-非流動,account.data_account_type_non_current_liabilities,FALSE
tw_2530-00-00,l10n_tw_chart_template,2530-00-00,應付公司債,account.data_account_type_non_current_liabilities,FALSE
tw_2531-00-00,l10n_tw_chart_template,2531-00-00,應付公司債,account.data_account_type_non_current_liabilities,FALSE
tw_2532-00-00,l10n_tw_chart_template,2532-00-00,應付公司債溢(折)價,account.data_account_type_non_current_liabilities,TRUE
tw_2540-00-00,l10n_tw_chart_template,2540-00-00,長期借款,account.data_account_type_non_current_liabilities,TRUE
tw_2541-00-00,l10n_tw_chart_template,2541-00-00,銀行長期借款,account.data_account_type_non_current_liabilities,TRUE
tw_2542-00-00,l10n_tw_chart_template,2542-00-00,其他長期借款,account.data_account_type_non_current_liabilities,FALSE
tw_2543-00-00,l10n_tw_chart_template,2543-00-00,分期償付之借款,account.data_account_type_non_current_liabilities,FALSE
tw_2550-00-00,l10n_tw_chart_template,2550-00-00,負債準備-非流動,account.data_account_type_non_current_liabilities,FALSE
tw_2551-00-00,l10n_tw_chart_template,2551-00-00,員工福利負債準備-非流動,account.data_account_type_non_current_liabilities,FALSE
tw_2552-00-00,l10n_tw_chart_template,2552-00-00,保固之長期負債準備,account.data_account_type_non_current_liabilities,FALSE
tw_2553-00-00,l10n_tw_chart_template,2553-00-00,重組之長期負債準備,account.data_account_type_non_current_liabilities,FALSE
tw_2554-00-00,l10n_tw_chart_template,2554-00-00,有待法律程序決定之長期負債準備,account.data_account_type_non_current_liabilities,FALSE
tw_2555-00-00,l10n_tw_chart_template,2555-00-00,虧損性合約之長期負債準備,account.data_account_type_non_current_liabilities,FALSE
tw_2556-00-00,l10n_tw_chart_template,2556-00-00,除役、復原及修復成本之長期負債準備,account.data_account_type_non_current_liabilities,FALSE
tw_2557-00-00,l10n_tw_chart_template,2557-00-00,保證合約之長期負債準備,account.data_account_type_non_current_liabilities,FALSE
tw_2559-00-00,l10n_tw_chart_template,2559-00-00,其他長期負債準備,account.data_account_type_non_current_liabilities,FALSE
tw_2570-00-00,l10n_tw_chart_template,2570-00-00,遞延所得稅負債,account.data_account_type_non_current_liabilities,FALSE
tw_2571-00-00,l10n_tw_chart_template,2571-00-00,遞延所得稅負債-土地增值稅,account.data_account_type_non_current_liabilities,FALSE
tw_2572-00-00,l10n_tw_chart_template,2572-00-00,遞延所得稅負債-所得稅,account.data_account_type_non_current_liabilities,FALSE
tw_2573-00-00,l10n_tw_chart_template,2573-00-00,遞延所得稅負債-其他,account.data_account_type_non_current_liabilities,FALSE
tw_2600-00-00,l10n_tw_chart_template,2600-00-00,其他非流動負債,account.data_account_type_non_current_liabilities,FALSE
tw_2640-00-00,l10n_tw_chart_template,2640-00-00,應計退休金負債,account.data_account_type_non_current_liabilities,FALSE
tw_2645-00-00,l10n_tw_chart_template,2645-00-00,存入保證金,account.data_account_type_non_current_liabilities,FALSE
tw_2655-00-00,l10n_tw_chart_template,2655-00-00,股東往來,account.data_account_type_non_current_liabilities,FALSE
tw_2660-00-00,l10n_tw_chart_template,2660-00-00,遞延貸項-聯屬公司間利益,account.data_account_type_non_current_liabilities,FALSE
tw_2670-00-00,l10n_tw_chart_template,2670-00-00,其他非流動負債-其他,account.data_account_type_non_current_liabilities,FALSE
tw_2690-00-00,l10n_tw_chart_template,2690-00-00,內部往來-負債,account.data_account_type_non_current_liabilities,FALSE
tw_2931-00-00,l10n_tw_chart_template,2931-00-00,存入保證票據,account.data_account_type_non_current_liabilities,FALSE
tw_2941-00-00,l10n_tw_chart_template,2941-00-00,應付保證票據,account.data_account_type_non_current_liabilities,FALSE
tw_2981-00-00,l10n_tw_chart_template,2981-00-00,退休金準備,account.data_account_type_non_current_liabilities,FALSE
tw_3100-00-00,l10n_tw_chart_template,3100-00-00,股本,account.data_account_type_equity,FALSE
tw_3110-00-00,l10n_tw_chart_template,3110-00-00,普通股股本,account.data_account_type_equity,FALSE
tw_3120-00-00,l10n_tw_chart_template,3120-00-00,特別股股本,account.data_account_type_equity,FALSE
tw_3200-00-00,l10n_tw_chart_template,3200-00-00,資本公積,account.data_account_type_equity,FALSE
tw_3210-00-00,l10n_tw_chart_template,3210-00-00,資本公積-發行溢價,account.data_account_type_equity,FALSE
tw_3211-00-00,l10n_tw_chart_template,3211-00-00,資本公積-普通股股票溢價,account.data_account_type_equity,FALSE
tw_3212-00-00,l10n_tw_chart_template,3212-00-00,資本公積-特別股股票溢價,account.data_account_type_equity,FALSE
tw_3220-00-00,l10n_tw_chart_template,3220-00-00,資本公積-庫藏股票交易,account.data_account_type_equity,FALSE
tw_3230-00-00,l10n_tw_chart_template,3230-00-00,資本公積-取得或處分子公司股權價格與帳面價值差額,account.data_account_type_equity,FALSE
tw_3240-00-00,l10n_tw_chart_template,3240-00-00,資本公積-處分資產增益,account.data_account_type_equity,FALSE
tw_3260-00-00,l10n_tw_chart_template,3260-00-00,資本公積-採權益法認列關聯企業及合資企業股權淨值之變動數,account.data_account_type_equity,FALSE
tw_3265-00-00,l10n_tw_chart_template,3265-00-00,資本公積-採權益法認列子公司、關聯企業及合資企業股權淨值之變動數,account.data_account_type_equity,FALSE
tw_3270-00-00,l10n_tw_chart_template,3270-00-00,資本公積-合併溢額,account.data_account_type_equity,FALSE
tw_3271-00-00,l10n_tw_chart_template,3271-00-00,資本公積-員工認股權,account.data_account_type_equity,FALSE
tw_3272-00-00,l10n_tw_chart_template,3272-00-00,資本公積-認股權,account.data_account_type_equity,FALSE
tw_3280-00-00,l10n_tw_chart_template,3280-00-00,資本公積-其他,account.data_account_type_equity,FALSE
tw_3281-00-00,l10n_tw_chart_template,3281-00-00,資本公積-轉換公司債應付利息補償金,account.data_account_type_equity,FALSE
tw_3282-00-00,l10n_tw_chart_template,3282-00-00,資本公積-其他,account.data_account_type_equity,FALSE
tw_3300-00-00,l10n_tw_chart_template,3300-00-00,保留盈餘,account.data_account_type_equity,FALSE
tw_3310-00-00,l10n_tw_chart_template,3310-00-00,法定盈餘公積,account.data_account_type_equity,FALSE
tw_3320-00-00,l10n_tw_chart_template,3320-00-00,特別盈餘公積,account.data_account_type_equity,FALSE
tw_3350-00-00,l10n_tw_chart_template,3350-00-00,未分配盈餘(或待彌補虧損),account.data_account_type_equity,FALSE
tw_3351-00-00,l10n_tw_chart_template,3351-00-00,累積盈虧,account.data_account_type_equity,FALSE
tw_3352-00-00,l10n_tw_chart_template,3352-00-00,前期損益調整,account.data_account_type_equity,FALSE
tw_3353-00-00,l10n_tw_chart_template,3353-00-00,本期損益,account.data_account_type_equity,FALSE
tw_3400-00-00,l10n_tw_chart_template,3400-00-00,其他權益,account.data_account_type_equity,FALSE
tw_3410-00-00,l10n_tw_chart_template,3410-00-00,國外營運機構財務報表換算之兌換差額,account.data_account_type_equity,FALSE
tw_3420-00-00,l10n_tw_chart_template,3420-00-00,透過其他綜合損益按公允價值衡量之權益工具投資利益(損失),account.data_account_type_equity,FALSE
tw_3425-00-00,l10n_tw_chart_template,3425-00-00,備供出售金融資產未實現損益,account.data_account_type_equity,FALSE
tw_3430-00-00,l10n_tw_chart_template,3430-00-00,現金流量避險中屬有效避險部分之避險工具利益(損失),account.data_account_type_equity,FALSE
tw_3435-00-00,l10n_tw_chart_template,3435-00-00,國外營運機構淨投資避險中屬有效避險部分之避險工具利益(損失),account.data_account_type_equity,FALSE
tw_3460-00-00,l10n_tw_chart_template,3460-00-00,重估增值,account.data_account_type_equity,FALSE
tw_3470-00-00,l10n_tw_chart_template,3470-00-00,與待出售非流動資產直接相關之權益,account.data_account_type_equity,FALSE
tw_3480-00-00,l10n_tw_chart_template,3480-00-00,採用權益法之關聯企業及合資之其他權益份額,account.data_account_type_equity,FALSE
tw_3485-00-00,l10n_tw_chart_template,3485-00-00,採用權益法之子公司、關聯企業及合資之其他權益份額,account.data_account_type_equity,FALSE
tw_3490-00-00,l10n_tw_chart_template,3490-00-00,其他權益-其他,account.data_account_type_equity,FALSE
tw_3500-00-00,l10n_tw_chart_template,3500-00-00,庫藏股票,account.data_account_type_equity,FALSE
tw_3600-00-00,l10n_tw_chart_template,3600-00-00,非控制權益,account.data_account_type_equity,FALSE
tw_3998-00-00,l10n_tw_chart_template,3998-00-00,預收股款(股東權益項下)之約當發行股數,account.data_account_type_equity,FALSE
tw_3999-00-00,l10n_tw_chart_template,3999-00-00,母公司暨子公司所持有之母公司庫藏股股數(單位:股),account.data_account_type_equity,FALSE
tw_4100-00-00,l10n_tw_chart_template,4100-00-00,銷貨收入,account.data_account_type_revenue,FALSE
tw_4110-00-00,l10n_tw_chart_template,4110-00-00,銷貨收入,account.data_account_type_revenue,FALSE
tw_4111-00-00,l10n_tw_chart_template,4111-00-00,銷貨收入,account.data_account_type_revenue,FALSE
tw_4170-00-00,l10n_tw_chart_template,4170-00-00,銷貨退回,account.data_account_type_revenue,FALSE
tw_4190-00-00,l10n_tw_chart_template,4190-00-00,銷貨折讓,account.data_account_type_revenue,FALSE
tw_4800-00-00,l10n_tw_chart_template,4800-00-00,其他營業收入,account.data_account_type_revenue,FALSE
tw_4881-00-00,l10n_tw_chart_template,4881-00-00,其他營業收入,account.data_account_type_revenue,FALSE
tw_4889-00-00,l10n_tw_chart_template,4889-00-00,其他營業收入折讓,account.data_account_type_revenue,FALSE
tw_5110-00-00,l10n_tw_chart_template,5110-00-00,銷貨成本,account.data_account_type_expenses,FALSE
tw_5111-00-00,l10n_tw_chart_template,5111-00-00,銷貨成本,account.data_account_type_expenses,FALSE
tw_5112-00-00,l10n_tw_chart_template,5112-00-00,銷貨成本-調整,account.data_account_type_expenses,FALSE
tw_5310-00-00,l10n_tw_chart_template,5310-00-00,直接人工,account.data_account_type_expenses,FALSE
tw_5311-00-00,l10n_tw_chart_template,5311-00-00,直接人工-薪資費用,account.data_account_type_expenses,FALSE
tw_5312-00-00,l10n_tw_chart_template,5312-00-00,直接人工-加班費用,account.data_account_type_expenses,FALSE
tw_5314-00-00,l10n_tw_chart_template,5314-00-00,直接人工-春節獎金及節金,account.data_account_type_expenses,FALSE
tw_5315-00-00,l10n_tw_chart_template,5315-00-00,直接人工-績效獎金,account.data_account_type_expenses,FALSE
tw_5399-00-00,l10n_tw_chart_template,5399-00-00,己分攤直接人工,account.data_account_type_expenses,FALSE
tw_5399-01-00,l10n_tw_chart_template,5399-01-00,己分攤直接人工,account.data_account_type_expenses,FALSE
tw_5400-00-00,l10n_tw_chart_template,5400-00-00,製造費用,account.data_account_type_expenses,FALSE
tw_5410-01-00,l10n_tw_chart_template,5410-01-00,製-間接人工,account.data_account_type_expenses,FALSE
tw_5410-02-00,l10n_tw_chart_template,5410-02-00,製-加班費,account.data_account_type_expenses,FALSE
tw_5410-03-00,l10n_tw_chart_template,5410-03-00,製-加班費應稅,account.data_account_type_expenses,FALSE
tw_5410-04-00,l10n_tw_chart_template,5410-04-00,製-春節獎金及節金,account.data_account_type_expenses,FALSE
tw_5410-09-00,l10n_tw_chart_template,5410-09-00,製-董監事車馬費,account.data_account_type_expenses,FALSE
tw_5411-01-00,l10n_tw_chart_template,5411-01-00,製-辦公室租金,account.data_account_type_expenses,FALSE
tw_5411-02-00,l10n_tw_chart_template,5411-02-00,製-員工宿舍租金,account.data_account_type_expenses,FALSE
tw_5411-03-00,l10n_tw_chart_template,5411-03-00,製-設備租金,account.data_account_type_expenses,FALSE
tw_5412-01-00,l10n_tw_chart_template,5412-01-00,製-文具用品,account.data_account_type_expenses,FALSE
tw_5413-01-00,l10n_tw_chart_template,5413-01-00,製-國內差旅費,account.data_account_type_expenses,FALSE
tw_5413-02-00,l10n_tw_chart_template,5413-02-00,製-國外差旅費,account.data_account_type_expenses,FALSE
tw_5413-03-00,l10n_tw_chart_template,5413-03-00,製-交通費,account.data_account_type_expenses,FALSE
tw_5414-01-00,l10n_tw_chart_template,5414-01-00,製-運費,account.data_account_type_expenses,FALSE
tw_5415-01-00,l10n_tw_chart_template,5415-01-00,製-郵費,account.data_account_type_expenses,FALSE
tw_5415-02-00,l10n_tw_chart_template,5415-02-00,製-電話費,account.data_account_type_expenses,FALSE
tw_5416-01-00,l10n_tw_chart_template,5416-01-00,製-修繕費,account.data_account_type_expenses,FALSE
tw_5417-01-00,l10n_tw_chart_template,5417-01-00,製-廣告費,account.data_account_type_expenses,FALSE
tw_5417-02-00,l10n_tw_chart_template,5417-02-00,製-參展費,account.data_account_type_expenses,FALSE
tw_5417-03-00,l10n_tw_chart_template,5417-03-00,製-推廣費,account.data_account_type_expenses,FALSE
tw_5418-01-00,l10n_tw_chart_template,5418-01-00,製-水費,account.data_account_type_expenses,FALSE
tw_5418-02-00,l10n_tw_chart_template,5418-02-00,製-電費,account.data_account_type_expenses,FALSE
tw_5418-03-00,l10n_tw_chart_template,5418-03-00,製-燃料費,account.data_account_type_expenses,FALSE
tw_5419-01-00,l10n_tw_chart_template,5419-01-00,製-勞保費,account.data_account_type_expenses,FALSE
tw_5419-02-00,l10n_tw_chart_template,5419-02-00,製-健保費,account.data_account_type_expenses,FALSE
tw_5419-03-00,l10n_tw_chart_template,5419-03-00,製-人身保險費,account.data_account_type_expenses,FALSE
tw_5419-04-00,l10n_tw_chart_template,5419-04-00,製-產物保險費,account.data_account_type_expenses,FALSE
tw_5420-01-00,l10n_tw_chart_template,5420-01-00,製-交際費,account.data_account_type_expenses,FALSE
tw_5421-01-00,l10n_tw_chart_template,5421-01-00,製-捐贈,account.data_account_type_expenses,FALSE
tw_5422-01-00,l10n_tw_chart_template,5422-01-00,製-稅捐,account.data_account_type_expenses,FALSE
tw_5423-01-00,l10n_tw_chart_template,5423-01-00,製-呆帳損失,account.data_account_type_expenses,FALSE
tw_5424-01-00,l10n_tw_chart_template,5424-01-00,製-折舊,account.data_account_type_expenses,FALSE
tw_5425-01-00,l10n_tw_chart_template,5425-01-00,製-各項攤提,account.data_account_type_expenses,FALSE
tw_5426-01-00,l10n_tw_chart_template,5426-01-00,製-加工費,account.data_account_type_expenses,FALSE
tw_5427-01-00,l10n_tw_chart_template,5427-01-00,製-伙食費,account.data_account_type_expenses,FALSE
tw_5428-01-00,l10n_tw_chart_template,5428-01-00,製-職工福利,account.data_account_type_expenses,FALSE
tw_5429-01-00,l10n_tw_chart_template,5429-01-00,製-研發費,account.data_account_type_expenses,FALSE
tw_5430-01-00,l10n_tw_chart_template,5430-01-00,製-佣金支出,account.data_account_type_expenses,FALSE
tw_5431-01-00,l10n_tw_chart_template,5431-01-00,製-訓練費,account.data_account_type_expenses,FALSE
tw_5432-01-00,l10n_tw_chart_template,5432-01-00,製-進口費用,account.data_account_type_expenses,FALSE
tw_5432-02-00,l10n_tw_chart_template,5432-02-00,製-出口費用,account.data_account_type_expenses,FALSE
tw_5433-01-00,l10n_tw_chart_template,5433-01-00,製-保全費,account.data_account_type_expenses,FALSE
tw_5434-01-00,l10n_tw_chart_template,5434-01-00,製-退休金,account.data_account_type_expenses,FALSE
tw_5435-01-00,l10n_tw_chart_template,5435-01-00,製-會計師費用,account.data_account_type_expenses,FALSE
tw_5435-02-00,l10n_tw_chart_template,5435-02-00,製-律師費用,account.data_account_type_expenses,FALSE
tw_5435-05-00,l10n_tw_chart_template,5435-05-00,製-其他勞務費用,account.data_account_type_expenses,FALSE
tw_5436-01-00,l10n_tw_chart_template,5436-01-00,製-銷售獎金,account.data_account_type_expenses,FALSE
tw_5436-02-00,l10n_tw_chart_template,5436-02-00,製-優惠毛利,account.data_account_type_expenses,FALSE
tw_5436-03-00,l10n_tw_chart_template,5436-03-00,製-上架費,account.data_account_type_expenses,FALSE
tw_5436-04-00,l10n_tw_chart_template,5436-04-00,製-物流費,account.data_account_type_expenses,FALSE
tw_5436-05-00,l10n_tw_chart_template,5436-05-00,製-促銷費,account.data_account_type_expenses,FALSE
tw_5437-01-00,l10n_tw_chart_template,5437-01-00,製-書報雜誌費,account.data_account_type_expenses,FALSE
tw_5438-01-00,l10n_tw_chart_template,5438-01-00,製-專利權,account.data_account_type_expenses,FALSE
tw_5440-01-00,l10n_tw_chart_template,5440-01-00,製-樣品費,account.data_account_type_expenses,FALSE
tw_5441-01-00,l10n_tw_chart_template,5441-01-00,製-回收費,account.data_account_type_expenses,FALSE
tw_5445-01-00,l10n_tw_chart_template,5445-01-00,製-雜項購置,account.data_account_type_expenses,FALSE
tw_5488-01-00,l10n_tw_chart_template,5488-01-00,製-雜費,account.data_account_type_expenses,FALSE
tw_5488-02-00,l10n_tw_chart_template,5488-02-00,製-包裝費,account.data_account_type_expenses,FALSE
tw_5488-03-00,l10n_tw_chart_template,5488-03-00,製-檢驗費,account.data_account_type_expenses,FALSE
tw_5488-04-00,l10n_tw_chart_template,5488-04-00,製-消耗費,account.data_account_type_expenses,FALSE
tw_5499-00-00,l10n_tw_chart_template,5499-00-00,己分攤製造費用,account.data_account_type_expenses,FALSE
tw_5499-01-00,l10n_tw_chart_template,5499-01-00,己分攤製造費用,account.data_account_type_expenses,FALSE
tw_5800-00-00,l10n_tw_chart_template,5800-00-00,其他營業成本,account.data_account_type_expenses,FALSE
tw_5900-00-00,l10n_tw_chart_template,5900-00-00,營業毛利(毛損),account.data_account_type_expenses,FALSE
tw_5910-00-00,l10n_tw_chart_template,5910-00-00,聯屬公司間未實現利益,account.data_account_type_expenses,FALSE
tw_5920-00-00,l10n_tw_chart_template,5920-00-00,聯屬公司間已實現利益,account.data_account_type_expenses,FALSE
tw_5950-00-00,l10n_tw_chart_template,5950-00-00,營業毛利淨額,account.data_account_type_expenses,FALSE
tw_6000-00-00,l10n_tw_chart_template,6000-00-00,營業費用,account.data_account_type_expenses,FALSE
tw_6100-00-00,l10n_tw_chart_template,6100-00-00,推銷費用,account.data_account_type_expenses,FALSE
tw_6110-01-00,l10n_tw_chart_template,6110-01-00,推-薪資費用,account.data_account_type_expenses,FALSE
tw_6110-02-00,l10n_tw_chart_template,6110-02-00,推-加班費,account.data_account_type_expenses,FALSE
tw_6110-03-00,l10n_tw_chart_template,6110-03-00,推-加班費應稅,account.data_account_type_expenses,FALSE
tw_6110-04-00,l10n_tw_chart_template,6110-04-00,推-春節獎金及節金,account.data_account_type_expenses,FALSE
tw_6110-05-00,l10n_tw_chart_template,6110-05-00,推-績效獎金,account.data_account_type_expenses,FALSE
tw_6110-09-00,l10n_tw_chart_template,6110-09-00,推-董監事車馬費,account.data_account_type_expenses,FALSE
tw_6110-10-00,l10n_tw_chart_template,6110-10-00,推-資遣費,account.data_account_type_expenses,FALSE
tw_6111-01-00,l10n_tw_chart_template,6111-01-00,推-辦公室租金,account.data_account_type_expenses,FALSE
tw_6111-02-00,l10n_tw_chart_template,6111-02-00,推-員工宿舍租金,account.data_account_type_expenses,FALSE
tw_6111-03-00,l10n_tw_chart_template,6111-03-00,推-設備租金,account.data_account_type_expenses,FALSE
tw_6112-01-00,l10n_tw_chart_template,6112-01-00,推-文具用品,account.data_account_type_expenses,FALSE
tw_6113-01-00,l10n_tw_chart_template,6113-01-00,推-國內差旅費,account.data_account_type_expenses,FALSE
tw_6113-02-00,l10n_tw_chart_template,6113-02-00,推-國外差旅費,account.data_account_type_expenses,FALSE
tw_6113-03-00,l10n_tw_chart_template,6113-03-00,推-交通費,account.data_account_type_expenses,FALSE
tw_6114-01-00,l10n_tw_chart_template,6114-01-00,推-運費,account.data_account_type_expenses,FALSE
tw_6115-01-00,l10n_tw_chart_template,6115-01-00,推-郵費,account.data_account_type_expenses,FALSE
tw_6115-02-00,l10n_tw_chart_template,6115-02-00,推-電話費,account.data_account_type_expenses,FALSE
tw_6116-01-00,l10n_tw_chart_template,6116-01-00,推-修繕費,account.data_account_type_expenses,FALSE
tw_6117-01-00,l10n_tw_chart_template,6117-01-00,推-廣告費,account.data_account_type_expenses,TRUE
tw_6117-02-00,l10n_tw_chart_template,6117-02-00,推-參展費,account.data_account_type_expenses,FALSE
tw_6117-03-00,l10n_tw_chart_template,6117-03-00,推-推廣費,account.data_account_type_expenses,TRUE
tw_6118-01-00,l10n_tw_chart_template,6118-01-00,推-水費,account.data_account_type_expenses,TRUE
tw_6118-02-00,l10n_tw_chart_template,6118-02-00,推-電費,account.data_account_type_expenses,TRUE
tw_6118-03-00,l10n_tw_chart_template,6118-03-00,推-燃料費,account.data_account_type_expenses,TRUE
tw_6119-01-00,l10n_tw_chart_template,6119-01-00,推-勞保費,account.data_account_type_expenses,FALSE
tw_6119-02-00,l10n_tw_chart_template,6119-02-00,推-健保費,account.data_account_type_expenses,FALSE
tw_6119-03-00,l10n_tw_chart_template,6119-03-00,推-人身保險費,account.data_account_type_expenses,FALSE
tw_6119-04-00,l10n_tw_chart_template,6119-04-00,推-產物保險費,account.data_account_type_expenses,FALSE
tw_6120-01-00,l10n_tw_chart_template,6120-01-00,推-交際費,account.data_account_type_expenses,FALSE
tw_6121-01-00,l10n_tw_chart_template,6121-01-00,推-捐贈,account.data_account_type_expenses,FALSE
tw_6122-01-00,l10n_tw_chart_template,6122-01-00,推-稅捐,account.data_account_type_expenses,FALSE
tw_6123-01-00,l10n_tw_chart_template,6123-01-00,推-呆帳損失,account.data_account_type_expenses,TRUE
tw_6124-01-00,l10n_tw_chart_template,6124-01-00,推-折舊,account.data_account_type_expenses,TRUE
tw_6125-01-00,l10n_tw_chart_template,6125-01-00,推-各項攤提,account.data_account_type_expenses,FALSE
tw_6127-01-00,l10n_tw_chart_template,6127-01-00,推-伙食費,account.data_account_type_expenses,FALSE
tw_6128-01-00,l10n_tw_chart_template,6128-01-00,推-職工福利,account.data_account_type_expenses,FALSE
tw_6129-01-00,l10n_tw_chart_template,6129-01-00,推-研發費,account.data_account_type_expenses,FALSE
tw_6130-01-00,l10n_tw_chart_template,6130-01-00,推-佣金支出,account.data_account_type_expenses,FALSE
tw_6131-01-00,l10n_tw_chart_template,6131-01-00,推-訓練費,account.data_account_type_expenses,FALSE
tw_6132-01-00,l10n_tw_chart_template,6132-01-00,推-進口費用,account.data_account_type_expenses,FALSE
tw_6132-02-00,l10n_tw_chart_template,6132-02-00,推-出口費用,account.data_account_type_expenses,FALSE
tw_6133-01-00,l10n_tw_chart_template,6133-01-00,推-保全費,account.data_account_type_expenses,FALSE
tw_6134-01-00,l10n_tw_chart_template,6134-01-00,推-退休金,account.data_account_type_expenses,FALSE
tw_6135-01-00,l10n_tw_chart_template,6135-01-00,推-會計師費用,account.data_account_type_expenses,FALSE
tw_6135-02-00,l10n_tw_chart_template,6135-02-00,推-律師費用,account.data_account_type_expenses,FALSE
tw_6135-05-00,l10n_tw_chart_template,6135-05-00,推-其他勞務費用,account.data_account_type_expenses,FALSE
tw_6136-01-00,l10n_tw_chart_template,6136-01-00,推-銷售獎金,account.data_account_type_expenses,FALSE
tw_6136-02-00,l10n_tw_chart_template,6136-02-00,推-優惠毛利,account.data_account_type_expenses,FALSE
tw_6136-03-00,l10n_tw_chart_template,6136-03-00,推-上架費,account.data_account_type_expenses,FALSE
tw_6136-04-00,l10n_tw_chart_template,6136-04-00,推-物流費,account.data_account_type_expenses,FALSE
tw_6136-05-00,l10n_tw_chart_template,6136-05-00,推-促銷費,account.data_account_type_expenses,FALSE
tw_6137-01-00,l10n_tw_chart_template,6137-01-00,推-書報雜誌費,account.data_account_type_expenses,FALSE
tw_6138-01-00,l10n_tw_chart_template,6138-01-00,推-專利權,account.data_account_type_expenses,FALSE
tw_6140-01-00,l10n_tw_chart_template,6140-01-00,推-樣品費,account.data_account_type_expenses,FALSE
tw_6141-01-00,l10n_tw_chart_template,6141-01-00,推-回收費,account.data_account_type_expenses,FALSE
tw_6145-01-00,l10n_tw_chart_template,6145-01-00,推-雜項購置,account.data_account_type_expenses,FALSE
tw_6188-01-00,l10n_tw_chart_template,6188-01-00,推-雜費,account.data_account_type_expenses,FALSE
tw_6188-02-00,l10n_tw_chart_template,6188-02-00,推-包裝費,account.data_account_type_expenses,FALSE
tw_6200-00-00,l10n_tw_chart_template,6200-00-00,管理費用,account.data_account_type_expenses,FALSE
tw_6210-01-00,l10n_tw_chart_template,6210-01-00,管-薪資費用,account.data_account_type_expenses,FALSE
tw_6210-02-00,l10n_tw_chart_template,6210-02-00,管-加班費,account.data_account_type_expenses,FALSE
tw_6210-03-00,l10n_tw_chart_template,6210-03-00,管-加班費應稅,account.data_account_type_expenses,FALSE
tw_6210-04-00,l10n_tw_chart_template,6210-04-00,管-春節獎金及節金,account.data_account_type_expenses,FALSE
tw_6210-05-00,l10n_tw_chart_template,6210-05-00,管-績效獎金,account.data_account_type_expenses,FALSE
tw_6210-09-00,l10n_tw_chart_template,6210-09-00,管-董監事車馬費,account.data_account_type_expenses,FALSE
tw_6210-10-00,l10n_tw_chart_template,6210-10-00,管-資遣金,account.data_account_type_expenses,FALSE
tw_6211-01-00,l10n_tw_chart_template,6211-01-00,管-辦公室租金,account.data_account_type_expenses,FALSE
tw_6211-02-00,l10n_tw_chart_template,6211-02-00,管-員工宿舍租金,account.data_account_type_expenses,FALSE
tw_6211-03-00,l10n_tw_chart_template,6211-03-00,管-設備租金,account.data_account_type_expenses,FALSE
tw_6212-01-00,l10n_tw_chart_template,6212-01-00,管-文具用品,account.data_account_type_expenses,FALSE
tw_6213-01-00,l10n_tw_chart_template,6213-01-00,管-國內差旅費,account.data_account_type_expenses,FALSE
tw_6213-02-00,l10n_tw_chart_template,6213-02-00,管-國外差旅費,account.data_account_type_expenses,FALSE
tw_6213-03-00,l10n_tw_chart_template,6213-03-00,管-交通費,account.data_account_type_expenses,FALSE
tw_6214-01-00,l10n_tw_chart_template,6214-01-00,管-運費,account.data_account_type_expenses,FALSE
tw_6215-01-00,l10n_tw_chart_template,6215-01-00,管-郵費,account.data_account_type_expenses,FALSE
tw_6215-02-00,l10n_tw_chart_template,6215-02-00,管-電話費,account.data_account_type_expenses,FALSE
tw_6216-01-00,l10n_tw_chart_template,6216-01-00,管-修繕費,account.data_account_type_expenses,FALSE
tw_6217-01-00,l10n_tw_chart_template,6217-01-00,管-廣告費,account.data_account_type_expenses,FALSE
tw_6217-02-00,l10n_tw_chart_template,6217-02-00,管-參展費,account.data_account_type_expenses,FALSE
tw_6217-03-00,l10n_tw_chart_template,6217-03-00,管-推廣費,account.data_account_type_expenses,FALSE
tw_6218-01-00,l10n_tw_chart_template,6218-01-00,管-水費,account.data_account_type_expenses,FALSE
tw_6218-02-00,l10n_tw_chart_template,6218-02-00,管-電費,account.data_account_type_expenses,FALSE
tw_6218-03-00,l10n_tw_chart_template,6218-03-00,管-燃料費,account.data_account_type_expenses,FALSE
tw_6219-01-00,l10n_tw_chart_template,6219-01-00,管-勞保費,account.data_account_type_expenses,FALSE
tw_6219-02-00,l10n_tw_chart_template,6219-02-00,管-健保費,account.data_account_type_expenses,FALSE
tw_6219-03-00,l10n_tw_chart_template,6219-03-00,管-人身保險費,account.data_account_type_expenses,FALSE
tw_6219-04-00,l10n_tw_chart_template,6219-04-00,管-產物保險費,account.data_account_type_expenses,FALSE
tw_6220-01-00,l10n_tw_chart_template,6220-01-00,管-交際費,account.data_account_type_expenses,FALSE
tw_6221-01-00,l10n_tw_chart_template,6221-01-00,管-捐贈,account.data_account_type_expenses,FALSE
tw_6222-01-00,l10n_tw_chart_template,6222-01-00,管-稅捐,account.data_account_type_expenses,FALSE
tw_6223-01-00,l10n_tw_chart_template,6223-01-00,管-呆帳損失,account.data_account_type_expenses,FALSE
tw_6224-01-00,l10n_tw_chart_template,6224-01-00,管-折舊,account.data_account_type_expenses,FALSE
tw_6225-01-00,l10n_tw_chart_template,6225-01-00,管-各項攤提,account.data_account_type_expenses,FALSE
tw_6227-01-00,l10n_tw_chart_template,6227-01-00,管-伙食費,account.data_account_type_expenses,FALSE
tw_6228-01-00,l10n_tw_chart_template,6228-01-00,管-職工福利,account.data_account_type_expenses,FALSE
tw_6229-01-00,l10n_tw_chart_template,6229-01-00,管-研發費,account.data_account_type_expenses,FALSE
tw_6230-01-00,l10n_tw_chart_template,6230-01-00,管-佣金支出,account.data_account_type_expenses,FALSE
tw_6231-01-00,l10n_tw_chart_template,6231-01-00,管-訓練費,account.data_account_type_expenses,FALSE
tw_6232-01-00,l10n_tw_chart_template,6232-01-00,管-進口費用,account.data_account_type_expenses,FALSE
tw_6232-02-00,l10n_tw_chart_template,6232-02-00,管-出口費用,account.data_account_type_expenses,FALSE
tw_6233-01-00,l10n_tw_chart_template,6233-01-00,管-保全費,account.data_account_type_expenses,FALSE
tw_6234-01-00,l10n_tw_chart_template,6234-01-00,管-退休金,account.data_account_type_expenses,FALSE
tw_6235-01-00,l10n_tw_chart_template,6235-01-00,管-會計師費用,account.data_account_type_expenses,FALSE
tw_6235-02-00,l10n_tw_chart_template,6235-02-00,管-律師費用,account.data_account_type_expenses,FALSE
tw_6235-05-00,l10n_tw_chart_template,6235-05-00,管-其他勞務費用,account.data_account_type_expenses,FALSE
tw_6236-01-00,l10n_tw_chart_template,6236-01-00,管-銷售獎金,account.data_account_type_expenses,FALSE
tw_6236-02-00,l10n_tw_chart_template,6236-02-00,管-優惠毛利,account.data_account_type_expenses,FALSE
tw_6236-03-00,l10n_tw_chart_template,6236-03-00,管-上架費,account.data_account_type_expenses,FALSE
tw_6236-04-00,l10n_tw_chart_template,6236-04-00,管-物流費,account.data_account_type_expenses,FALSE
tw_6236-05-00,l10n_tw_chart_template,6236-05-00,管-促銷費,account.data_account_type_expenses,FALSE
tw_6237-01-00,l10n_tw_chart_template,6237-01-00,管-書報雜誌費,account.data_account_type_expenses,FALSE
tw_6238-01-00,l10n_tw_chart_template,6238-01-00,管-專利權,account.data_account_type_expenses,FALSE
tw_6240-01-00,l10n_tw_chart_template,6240-01-00,管-樣品費,account.data_account_type_expenses,FALSE
tw_6241-01-00,l10n_tw_chart_template,6241-01-00,管-回收費,account.data_account_type_expenses,FALSE
tw_6245-01-00,l10n_tw_chart_template,6245-01-00,管-雜項購置,account.data_account_type_expenses,FALSE
tw_6288-01-00,l10n_tw_chart_template,6288-01-00,管-雜費,account.data_account_type_expenses,FALSE
tw_6288-02-00,l10n_tw_chart_template,6288-02-00,管-包裝費,account.data_account_type_expenses,FALSE
tw_6300-00-00,l10n_tw_chart_template,6300-00-00,研究發展費用,account.data_account_type_expenses,FALSE
tw_6310-01-00,l10n_tw_chart_template,6310-01-00,研-薪資費用,account.data_account_type_expenses,FALSE
tw_6310-02-00,l10n_tw_chart_template,6310-02-00,研-加班費,account.data_account_type_expenses,FALSE
tw_6310-03-00,l10n_tw_chart_template,6310-03-00,研-加班費應稅,account.data_account_type_expenses,FALSE
tw_6310-04-00,l10n_tw_chart_template,6310-04-00,研-春節獎金及節金,account.data_account_type_expenses,FALSE
tw_6310-05-00,l10n_tw_chart_template,6310-05-00,研-績效獎金,account.data_account_type_expenses,FALSE
tw_6310-09-00,l10n_tw_chart_template,6310-09-00,研-董監事車馬費,account.data_account_type_expenses,FALSE
tw_6310-10-00,l10n_tw_chart_template,6310-10-00,研-資遣費,account.data_account_type_expenses,FALSE
tw_6311-01-00,l10n_tw_chart_template,6311-01-00,研-辦公室租金,account.data_account_type_expenses,FALSE
tw_6311-02-00,l10n_tw_chart_template,6311-02-00,研-員工宿舍租金,account.data_account_type_expenses,FALSE
tw_6311-03-00,l10n_tw_chart_template,6311-03-00,研-設備租金,account.data_account_type_expenses,FALSE
tw_6312-01-00,l10n_tw_chart_template,6312-01-00,研-文具用品,account.data_account_type_expenses,FALSE
tw_6313-01-00,l10n_tw_chart_template,6313-01-00,研-國內差旅費,account.data_account_type_expenses,FALSE
tw_6313-02-00,l10n_tw_chart_template,6313-02-00,研-國外差旅費,account.data_account_type_expenses,FALSE
tw_6313-03-00,l10n_tw_chart_template,6313-03-00,研-交通費,account.data_account_type_expenses,FALSE
tw_6314-01-00,l10n_tw_chart_template,6314-01-00,研-運費,account.data_account_type_expenses,FALSE
tw_6315-01-00,l10n_tw_chart_template,6315-01-00,研-郵費,account.data_account_type_expenses,FALSE
tw_6315-02-00,l10n_tw_chart_template,6315-02-00,研-電話費,account.data_account_type_expenses,FALSE
tw_6316-01-00,l10n_tw_chart_template,6316-01-00,研-修繕費,account.data_account_type_expenses,FALSE
tw_6317-01-00,l10n_tw_chart_template,6317-01-00,研-廣告費,account.data_account_type_expenses,FALSE
tw_6317-02-00,l10n_tw_chart_template,6317-02-00,研-參展費,account.data_account_type_expenses,FALSE
tw_6317-03-00,l10n_tw_chart_template,6317-03-00,研-推廣費,account.data_account_type_expenses,FALSE
tw_6318-01-00,l10n_tw_chart_template,6318-01-00,研-水費,account.data_account_type_expenses,FALSE
tw_6318-02-00,l10n_tw_chart_template,6318-02-00,研-電費,account.data_account_type_expenses,FALSE
tw_6318-03-00,l10n_tw_chart_template,6318-03-00,研-燃料費,account.data_account_type_expenses,FALSE
tw_6319-01-00,l10n_tw_chart_template,6319-01-00,研-勞保費,account.data_account_type_expenses,FALSE
tw_6319-02-00,l10n_tw_chart_template,6319-02-00,研-健保費,account.data_account_type_expenses,FALSE
tw_6319-03-00,l10n_tw_chart_template,6319-03-00,研-人身保險費,account.data_account_type_expenses,FALSE
tw_6319-04-00,l10n_tw_chart_template,6319-04-00,研-產物保險費,account.data_account_type_expenses,FALSE
tw_6320-01-00,l10n_tw_chart_template,6320-01-00,研-交際費,account.data_account_type_expenses,FALSE
tw_6321-01-00,l10n_tw_chart_template,6321-01-00,研-捐贈,account.data_account_type_expenses,FALSE
tw_6322-01-00,l10n_tw_chart_template,6322-01-00,研-稅捐,account.data_account_type_expenses,FALSE
tw_6323-01-00,l10n_tw_chart_template,6323-01-00,研-呆帳損失,account.data_account_type_expenses,FALSE
tw_6324-01-00,l10n_tw_chart_template,6324-01-00,研-折舊,account.data_account_type_expenses,FALSE
tw_6325-01-00,l10n_tw_chart_template,6325-01-00,研-各項攤提,account.data_account_type_expenses,FALSE
tw_6327-01-00,l10n_tw_chart_template,6327-01-00,研-伙食費,account.data_account_type_expenses,FALSE
tw_6328-01-00,l10n_tw_chart_template,6328-01-00,研-職工福利,account.data_account_type_expenses,FALSE
tw_6329-01-00,l10n_tw_chart_template,6329-01-00,研-研發費,account.data_account_type_expenses,FALSE
tw_6330-01-00,l10n_tw_chart_template,6330-01-00,研-佣金支出,account.data_account_type_expenses,FALSE
tw_6331-01-00,l10n_tw_chart_template,6331-01-00,研-訓練費,account.data_account_type_expenses,FALSE
tw_6332-01-00,l10n_tw_chart_template,6332-01-00,研-進口費用,account.data_account_type_expenses,FALSE
tw_6332-02-00,l10n_tw_chart_template,6332-02-00,研-出口費用,account.data_account_type_expenses,FALSE
tw_6333-01-00,l10n_tw_chart_template,6333-01-00,研-保全費,account.data_account_type_expenses,FALSE
tw_6334-01-00,l10n_tw_chart_template,6334-01-00,研-退休金,account.data_account_type_expenses,FALSE
tw_6335-01-00,l10n_tw_chart_template,6335-01-00,研-會計師費用,account.data_account_type_expenses,FALSE
tw_6335-02-00,l10n_tw_chart_template,6335-02-00,研-律師費用,account.data_account_type_expenses,FALSE
tw_6335-05-00,l10n_tw_chart_template,6335-05-00,研-其他勞務費用,account.data_account_type_expenses,FALSE
tw_6336-01-00,l10n_tw_chart_template,6336-01-00,研-銷售獎金,account.data_account_type_expenses,FALSE
tw_6336-02-00,l10n_tw_chart_template,6336-02-00,研-優惠毛利,account.data_account_type_expenses,FALSE
tw_6336-03-00,l10n_tw_chart_template,6336-03-00,研-上架費,account.data_account_type_expenses,FALSE
tw_6336-04-00,l10n_tw_chart_template,6336-04-00,研-物流費,account.data_account_type_expenses,FALSE
tw_6336-05-00,l10n_tw_chart_template,6336-05-00,研-促銷費,account.data_account_type_expenses,FALSE
tw_6337-01-00,l10n_tw_chart_template,6337-01-00,研-書報雜誌費,account.data_account_type_expenses,FALSE
tw_6338-01-00,l10n_tw_chart_template,6338-01-00,研-專利權,account.data_account_type_expenses,FALSE
tw_6340-01-00,l10n_tw_chart_template,6340-01-00,研-樣品費,account.data_account_type_expenses,FALSE
tw_6341-01-00,l10n_tw_chart_template,6341-01-00,研-回收費,account.data_account_type_expenses,FALSE
tw_6345-01-00,l10n_tw_chart_template,6345-01-00,研-雜項購置,account.data_account_type_expenses,FALSE
tw_6388-01-00,l10n_tw_chart_template,6388-01-00,研-雜費,account.data_account_type_expenses,FALSE
tw_6338-02-00,l10n_tw_chart_template,6338-02-00,研-包裝費,account.data_account_type_expenses,FALSE
tw_6400-01-00,l10n_tw_chart_template,6400-01-00,其他費用,account.data_account_type_expenses,FALSE
tw_6500-00-00,l10n_tw_chart_template,6500-00-00,其他收益及費損淨額,account.data_account_type_expenses,FALSE
tw_6510-01-00,l10n_tw_chart_template,6510-01-00,其他收益,account.data_account_type_expenses,FALSE
tw_6550-01-00,l10n_tw_chart_template,6550-01-00,其他費損,account.data_account_type_expenses,FALSE
tw_6900-01-00,l10n_tw_chart_template,6900-01-00,營業淨利(淨損),account.data_account_type_expenses,FALSE
tw_7000-00-00,l10n_tw_chart_template,7000-00-00,營業外收入及支出   ,account.data_account_type_other_income,FALSE
tw_7010-00-00,l10n_tw_chart_template,7010-00-00,其他收入,account.data_account_type_other_income,FALSE
tw_7020-00-00,l10n_tw_chart_template,7020-00-00,其他利益及損失,account.data_account_type_other_income,FALSE
tw_7030-00-00,l10n_tw_chart_template,7030-00-00,除列按攤銷後成本衡量金融資產淨損益,account.data_account_type_other_income,FALSE
tw_7040-00-00,l10n_tw_chart_template,7040-00-00,金融資產重分類淨損益,account.data_account_type_other_income,FALSE
tw_7050-00-00,l10n_tw_chart_template,7050-00-00,財務成本,account.data_account_type_other_income,FALSE
tw_7060-00-00,l10n_tw_chart_template,7060-00-00,採用權益法之關聯企業及合資損益之份額,account.data_account_type_other_income,FALSE
tw_7070-00-00,l10n_tw_chart_template,7070-00-00,採用權益法之子公司、關聯企業及合資損益之份額,account.data_account_type_other_income,FALSE
tw_7100-00-00,l10n_tw_chart_template,7100-00-00,利息收入,account.data_account_type_other_income,FALSE
tw_7101-00-00,l10n_tw_chart_template,7101-00-00,銀行存款利息,account.data_account_type_other_income,FALSE
tw_7102-00-00,l10n_tw_chart_template,7102-00-00,按攤銷後成本衡量之金融資產利息收入,account.data_account_type_other_income,FALSE
tw_7103-00-00,l10n_tw_chart_template,7103-00-00,無活絡市場債券投資利息收入,account.data_account_type_other_income,FALSE
tw_7104-00-00,l10n_tw_chart_template,7104-00-00,持有至到期日金融資產利息收入,account.data_account_type_other_income,FALSE
tw_7105-00-00,l10n_tw_chart_template,7105-00-00,其他利息收入,account.data_account_type_other_income,FALSE
tw_7110-00-00,l10n_tw_chart_template,7110-00-00,租金收入,account.data_account_type_other_income,FALSE
tw_7130-00-00,l10n_tw_chart_template,7130-00-00,股利收入,account.data_account_type_other_income,FALSE
tw_7150-00-00,l10n_tw_chart_template,7150-00-00,手續費收入,account.data_account_type_other_income,FALSE
tw_7151-00-00,l10n_tw_chart_template,7151-00-00,由按攤銷後成本衡量之金融資產產生之手續費收益,account.data_account_type_other_income,FALSE
tw_7152-00-00,l10n_tw_chart_template,7152-00-00,非以透過損益按公允價值衡量之金融負債所產生之手續費收益,account.data_account_type_other_income,FALSE
tw_7153-00-00,l10n_tw_chart_template,7153-00-00,由信託及受託活動產生之手續費收益,account.data_account_type_other_income,FALSE
tw_7150-00-01,l10n_tw_chart_template,7150-00-01,其他手續費收入,account.data_account_type_other_income,FALSE
tw_7160-00-00,l10n_tw_chart_template,7160-00-00,違約金收入,account.data_account_type_other_income,FALSE
tw_7170-00-00,l10n_tw_chart_template,7170-00-00,歸墊收入,account.data_account_type_other_income,FALSE
tw_7175-00-00,l10n_tw_chart_template,7175-00-00,壞帳轉回升利益,account.data_account_type_other_income,FALSE
tw_7180-00-00,l10n_tw_chart_template,7180-00-00,沖銷逾期應付款利益,account.data_account_type_other_income,FALSE
tw_7190-00-00,l10n_tw_chart_template,7190-00-00,其他收入-其他,account.data_account_type_other_income,FALSE
tw_7210-00-00,l10n_tw_chart_template,7210-00-00,處分不動產、廠房及設備利益,account.data_account_type_other_income,FALSE
tw_7225-00-00,l10n_tw_chart_template,7225-00-00,處分投資利益,account.data_account_type_other_income,FALSE
tw_7230-00-00,l10n_tw_chart_template,7230-00-00,外幣兌換利益,account.data_account_type_other_income,FALSE
tw_7230-01-00,l10n_tw_chart_template,7230-01-00,外幣兌換利益,account.data_account_type_other_income,FALSE
tw_7230-02-00,l10n_tw_chart_template,7230-02-00,未實現外幣兌換利益,account.data_account_type_other_income,FALSE
tw_7235-00-00,l10n_tw_chart_template,7235-00-00,透過損益按公允價值衡量之金融資產(負債)利益,account.data_account_type_other_income,FALSE
tw_7240-00-00,l10n_tw_chart_template,7240-00-00,按攤銷後成本衡量之金融負債利益,account.data_account_type_other_income,FALSE
tw_7260-00-00,l10n_tw_chart_template,7260-00-00,不動產、廠房及設備重估價利益,account.data_account_type_other_income,FALSE
tw_7270-00-00,l10n_tw_chart_template,7270-00-00,減損迴轉利益,account.data_account_type_other_income,FALSE
tw_7271-00-00,l10n_tw_chart_template,7271-00-00,金融資產減損迴轉利益,account.data_account_type_other_income,FALSE
tw_7273-00-00,l10n_tw_chart_template,7273-00-00,不動產、廠房及設備減損迴轉利益,account.data_account_type_other_income,FALSE
tw_7279-00-00,l10n_tw_chart_template,7279-00-00,其他減損迴轉利益,account.data_account_type_other_income,FALSE
tw_7370-00-00,l10n_tw_chart_template,7370-00-00,採用權益法認列之關聯企業及合資利益之份額,account.data_account_type_other_income,FALSE
tw_7375-00-00,l10n_tw_chart_template,7375-00-00,採用權益法認列之子公司、關聯企業及合資利益之份額,account.data_account_type_other_income,FALSE
tw_7510-00-00,l10n_tw_chart_template,7510-00-00,利息費用,account.data_account_type_expenses,FALSE
tw_7590-00-00,l10n_tw_chart_template,7590-00-00,什項支出,account.data_account_type_expenses,FALSE
tw_7610-00-00,l10n_tw_chart_template,7610-00-00,處分不動產、廠房及設備損失,account.data_account_type_expenses,FALSE
tw_7625-00-00,l10n_tw_chart_template,7625-00-00,處分投資損失,account.data_account_type_expenses,FALSE
tw_7630-00-00,l10n_tw_chart_template,7630-00-00,外幣兌換損失,account.data_account_type_expenses,FALSE
tw_7630-01-00,l10n_tw_chart_template,7630-01-00,外幣兌換損失,account.data_account_type_expenses,FALSE
tw_7630-02-00,l10n_tw_chart_template,7630-02-00,未實現外幣兌換損失,account.data_account_type_expenses,FALSE
tw_7635-00-00,l10n_tw_chart_template,7635-00-00,透過損益按公允價值衡量之金融資產(負債)損失,account.data_account_type_expenses,FALSE
tw_7640-00-00,l10n_tw_chart_template,7640-00-00,按攤銷後成本衡量之金融負債損失,account.data_account_type_expenses,FALSE
tw_7660-00-00,l10n_tw_chart_template,7660-00-00,不動產、廠房及設備重估價損失,account.data_account_type_expenses,FALSE
tw_7670-00-00,l10n_tw_chart_template,7670-00-00,減損損失,account.data_account_type_expenses,FALSE
tw_7671-00-00,l10n_tw_chart_template,7671-00-00,金融資產減損損失,account.data_account_type_expenses,FALSE
tw_7672-00-00,l10n_tw_chart_template,7672-00-00,待出售非流動資產減損損失,account.data_account_type_expenses,FALSE
tw_7673-00-00,l10n_tw_chart_template,7673-00-00,不動產、廠房及設備減損損失,account.data_account_type_expenses,FALSE
tw_7679-00-00,l10n_tw_chart_template,7679-00-00,其他減損損失,account.data_account_type_expenses,FALSE
tw_7770-00-00,l10n_tw_chart_template,7770-00-00,採用權益法認列之關聯企業及合資損失之份額,account.data_account_type_expenses,FALSE
tw_7775-00-00,l10n_tw_chart_template,7775-00-00,採用權益法認列之子公司、關聯企業及合資損失之份額,account.data_account_type_expenses,FALSE
tw_7900-00-00,l10n_tw_chart_template,7900-00-00,稅前淨利(淨損),account.data_account_type_expenses,FALSE
tw_7950-00-00,l10n_tw_chart_template,7950-00-00,所得稅費用(利益),account.data_account_type_expenses,FALSE
tw_7951-00-00,l10n_tw_chart_template,7951-00-00,當期所得稅費用（利益）,account.data_account_type_expenses,FALSE
tw_7952-00-00,l10n_tw_chart_template,7952-00-00,遞延所得稅費用（利益）,account.data_account_type_expenses,FALSE
tw_8000-00-00,l10n_tw_chart_template,8000-00-00,繼續營業單位本期淨利(淨損)  ,account.data_account_type_expenses,FALSE
tw_8100-00-00,l10n_tw_chart_template,8100-00-00,停業單位損益,account.data_account_type_expenses,FALSE
tw_8101-00-00,l10n_tw_chart_template,8101-00-00,停業單位稅後損益,account.data_account_type_expenses,FALSE
tw_8102-00-00,l10n_tw_chart_template,8102-00-00,停業單位資產或處分群組處分損益  (稅後),account.data_account_type_expenses,FALSE
tw_8103-00-00,l10n_tw_chart_template,8103-00-00,停業單位資產或處分群組 按公允價值減出售成本衡量損益(稅後),account.data_account_type_expenses,FALSE
tw_8200-00-00,l10n_tw_chart_template,8200-00-00,本期淨利(淨損),account.data_account_type_expenses,FALSE
tw_8300-00-00,l10n_tw_chart_template,8300-00-00,其他綜合損益(淨額),account.data_account_type_expenses,FALSE
tw_8310-00-00,l10n_tw_chart_template,8310-00-00,國外營運機構財務報表換算之兌換差額,account.data_account_type_expenses,FALSE
tw_8320-00-00,l10n_tw_chart_template,8320-00-00,權益工具投資之利益(損失),account.data_account_type_expenses,FALSE
tw_8325-00-00,l10n_tw_chart_template,8325-00-00,備供出售金融資產未實現評價損益,account.data_account_type_expenses,FALSE
tw_8330-00-00,l10n_tw_chart_template,8330-00-00,現金流量避險,account.data_account_type_expenses,FALSE
tw_8340-00-00,l10n_tw_chart_template,8340-00-00,國外營運機構淨投資避險,account.data_account_type_expenses,FALSE
tw_8350-00-00,l10n_tw_chart_template,8350-00-00,重估價之利益(損失),account.data_account_type_expenses,FALSE
tw_8360-00-00,l10n_tw_chart_template,8360-00-00,確定福利計畫精算利益(損失),account.data_account_type_expenses,FALSE
tw_8370-00-00,l10n_tw_chart_template,8370-00-00,採用權益法認列之關聯企業及合資之其他綜合損益之份額,account.data_account_type_expenses,FALSE
tw_8380-00-00,l10n_tw_chart_template,8380-00-00,其他綜合損益,account.data_account_type_expenses,FALSE
tw_8390-00-00,l10n_tw_chart_template,8390-00-00,與其他綜合損益組成部分相關之所得稅,account.data_account_type_expenses,FALSE
tw_8500-00-00,l10n_tw_chart_template,8500-00-00,本期綜合損益總額,account.data_account_type_expenses,FALSE
tw_8600-00-00,l10n_tw_chart_template,8600-00-00,淨利(損)歸屬於：,account.data_account_type_expenses,FALSE
tw_8610-00-00,l10n_tw_chart_template,8610-00-00,母公司業主(淨利/損),account.data_account_type_expenses,FALSE
tw_8620-00-00,l10n_tw_chart_template,8620-00-00,非控制權益(淨利/損),account.data_account_type_other_income,FALSE
tw_8700-00-00,l10n_tw_chart_template,8700-00-00,綜合損益總額歸屬於：,account.data_account_type_other_income,FALSE
tw_8710-00-00,l10n_tw_chart_template,8710-00-00,母公司業主(綜合損益),account.data_account_type_other_income,FALSE
tw_8720-00-00,l10n_tw_chart_template,8720-00-00,非控制權益(綜合損益),account.data_account_type_other_income,FALSE
tw_9710-00-00,l10n_tw_chart_template,9710-00-00,繼續營業單位淨利(淨損),account.data_account_type_other_income,FALSE
tw_9720-00-00,l10n_tw_chart_template,9720-00-00,停業單位淨利(淨損),account.data_account_type_expenses,FALSE
tw_9750-00-00,l10n_tw_chart_template,9750-00-00,基本每股盈餘,account.data_account_type_other_income,FALSE
tw_9810-00-00,l10n_tw_chart_template,9810-00-00,繼續營業單位淨利(淨損),account.data_account_type_expenses,FALSE
tw_9820-00-00,l10n_tw_chart_template,9820-00-00,停業單位淨利(淨損),account.data_account_type_expenses,FALSE
tw_9850-00-00,l10n_tw_chart_template,9850-00-00,稀釋每股盈餘,account.data_account_type_other_income,FALSE
